{
  "accuracy": [
    0.6153353452682495, 0.8644142746925354, 0.9183156490325928,
    0.9440785050392151, 0.9571235775947571, 0.9669250845909119,
    0.9726722836494446, 0.9776228666305542, 0.980951726436615,
    0.9822747111320496
  ],
  "loss": [
    1.3087199926376343, 0.4282209277153015, 0.25190791487693787,
    0.1725902408361435, 0.12892818450927734, 0.10146786272525787,
    0.08431088924407959, 0.0688137635588646, 0.05816943570971489,
    0.053504519164562225
  ],
  "val_accuracy": [
    0.8510130047798157, 0.9138970971107483, 0.9304575324058533,
    0.9501479864120483, 0.9527088403701782, 0.9607329964637756,
    0.9663100242614746, 0.960050106048584, 0.9648873209953308,
    0.9683018326759338
  ],
  "val_loss": [
    0.48158425092697144, 0.26944977045059204, 0.21728764474391937,
    0.15192177891731262, 0.1477205455303192, 0.12363036721944809,
    0.10366333276033401, 0.12879155576229095, 0.11637604236602783,
    0.11025993525981903
  ]
}
